{"schemaVersion":"1.0","appDefinitionTemplate":{"id":"/providers/Microsoft.PowerApps/apps/","type":"Microsoft.PowerApps/apps","tags":{"primaryDeviceWidth":"1366","primaryDeviceHeight":"768","sienaVersion":"20220103T153537Z-3.21115.37.0","deviceCapabilities":"","supportsPortrait":"true","supportsLandscape":"true","primaryFormFactor":"Tablet","publisherVersion":"3.21115.37","minimumRequiredApiVersion":"2.2.0","hasComponent":"false","hasUnlockedComponent":"false","isUnifiedRootApp":"false"},"properties":{"appVersion":"2022-01-03T15:35:37Z","lifeCycleId":"Published","createdByClientVersion":{"major":3,"minor":21115,"build":37,"revision":0,"majorRevision":0,"minorRevision":0},"minClientVersion":{"major":3,"minor":21115,"build":37,"revision":0,"majorRevision":0,"minorRevision":0},"backgroundColor":"rgba(0, 13, 75, 1)","backgroundImageUri":"/4191814201163250872/N8928ae3c-b656-481b-bf5c-6ac2da235c8e-logoSmallFile","displayName":"Novo Normal","description":"Aplicativo criado por psgeisa@gmail.com","commitMessage":"","appUris":{"documentUri":{"value":"/4191814201163250872/N1ae6ac47-4f35-474b-82aa-31dcb3b6d4da-document.msapp"},"imageUris":[]},"createdTime":"0001-01-01T00:00:00Z","lastModifiedTime":"0001-01-01T00:00:00Z","sharedGroupsCount":0,"sharedUsersCount":0,"icons":{"smallIconUri":"/4191814201163250872/N781d4aac-7a02-401a-947b-cc8b7039e4fc-small.png","mediumIconUri":"/4191814201163250872/Ncd71d966-996d-4d44-a925-59afa3c36406-medium.png","largeIconUri":"/4191814201163250872/Nbeed95f1-af6d-42c4-974b-0021dc838131-large.png","wideIconUri":"/4191814201163250872/Nb5132598-976e-46d7-97de-d277fee72923-wide.png"},"connectionReferences":{"168576ed-a755-423c-9a26-7b0e5dad2043":{"id":"b8ed1627-b25b-4cf0-b3ba-26fdff20117c","displayName":"SharePoint","iconUri":"https://connectoricons-prod.azureedge.net/releases/v1.0.1539/1.0.1539.2620/sharepointonline/icon.png","dataSources":["NN_Pessoas","NN_Agendamento"],"dependencies":[],"dependents":[],"parameterHints":{},"parameterHintsV2":{},"isOnPremiseConnection":false,"bypassConsent":false,"dataSets":{"https://alunoimpacta.sharepoint.com/sites/cinciadacomputacao":{"dataSources":{"NN_Pessoas":{"tableName":"564c3423-83db-4bb3-833e-a07af267c30d"},"NN_Agendamento":{"tableName":"688b9001-c20a-40cd-864a-b6ab99e60399"}}}},"apiTier":"Standard","isCustomApiConnection":false,"actions":["providers/PowerPlatform.Governance/Operations/Read","providers/PowerPlatform.Governance/Operations/Write","providers/PowerPlatform.Governance/Operations/Delete"]},"a15af1d8-88e0-4bd2-ba07-f3494d3042cc":{"id":"79a39c46-6a7d-4e02-94f5-d80a9cfad937","displayName":"Usuários do Office 365","iconUri":"https://connectoricons-prod.azureedge.net/releases/v1.0.1542/1.0.1542.2635/office365users/icon.png","dataSources":["UsuáriosdoOffice365"],"dependencies":[],"dependents":[],"parameterHints":{},"parameterHintsV2":{},"isOnPremiseConnection":false,"bypassConsent":false,"dataSets":{},"apiTier":"Standard","isCustomApiConnection":false,"actions":["MyProfileV2"]},"94bb402e-7e48-40ac-8445-5342b164fc40":{"id":"d827ba8f-b4c4-4ad1-af04-497b30b30a0f","displayName":"Office 365 Outlook","iconUri":"https://connectoricons-prod.azureedge.net/releases/v1.0.1538/1.0.1538.2621/office365/icon.png","dataSources":["Office365Outlook"],"dependencies":[],"dependents":[],"parameterHints":{},"parameterHintsV2":{},"isOnPremiseConnection":false,"bypassConsent":false,"dataSets":{},"apiTier":"Standard","isCustomApiConnection":false,"actions":["SendEmailV2"]}},"databaseReferences":{},"almMode":"Environment","performanceOptimizationEnabled":true,"canConsumeAppPass":true,"executionRestrictions":{"isTeamsOnly":false,"dataLossPreventionEvaluationResult":{"status":"Compliant","lastEvaluationDate":"2021-12-31T22:42:14.8981236Z","violations":[],"violationsByPolicy":[],"violationErrorMessage":"O aplicativo usa os seguintes conectores: shared_sharepointonline."}}},"appType":"ClassicCanvasApp","appComponents":[]}}